hidden_size, train_loss, train_accuracy, test_loss, test_accuracy, time
16, 0.198169496791, 0.977178421703, 0.363746219476, 0.846666659514, 2.52571377754
32, 0.139485091515, 0.982157676349, 0.292195661863, 0.888333333333, 2.60630121231
64, 0.0855398932433, 0.9929460573, 0.269430953264, 0.86666667223, 2.5683359623
128, 0.0527229830839, 0.99626555977, 0.257460038463, 0.889999999205, 2.60824799538
256, 0.0314225789082, 0.998755186722, 0.2838175867, 0.871666664282, 2.72358803749
512, 0.0179105162999, 1.0, 0.312507678469, 0.871666667461, 3.26417455673
