hidden_size, train_loss, train_accuracy, test_loss, test_accuracy, time
16, 0.193969449747, 0.966804979253, 0.341492839654, 0.841666678588, 2.3223938942
32, 0.121069922951, 0.985477178423, 0.357194525003, 0.825000011921, 2.217056036
64, 0.0729689931041, 0.995850622407, 0.296196029584, 0.849999988079, 2.32883095741
128, 0.0482719760713, 0.99377593361, 0.2666987439, 0.875000007947, 2.31560993195
256, 0.0311089730145, 0.995850620428, 0.329294566313, 0.858333341281, 2.38305616379
512, 0.0178268374875, 1.0, 0.268447683255, 0.891666666667, 2.64459991455
